inputmlfile,value
0,"23618.41988414201,23792.232877847076,23861.83756212767,23993.005715525655,24087.80382558736,24204.088379984434,2837.517789612665,3065.9200893988327,3745.5172123986563,4059.8880225291787,4487.627781846065,4801.638741402647,18056.987211009484,29179.85255727454,17783.13992314754,29801.325832546612,16520.758722351442,31202.916401903894,16035.771410102925,31950.240020948382,15292.214997147705,32883.39265402702,14793.049380063012,33615.127379905854"
