Period,Forecast,Ecart_type,Min_confiance_95,Max_confiance_95
Apr 2020,23618.41988,2837.51779,18056.98721,16035.77141
May 2020,23792.23288,3065.920089,29179.85256,31950.24002
Jun 2020,23861.83756,3745.517212,17783.13992,15292.215
Jul 2020,23993.00572,4059.888023,29801.32583,32883.39265
Aug 2020,24087.80383,4487.627782,16520.75872,14793.04938
Sep 2020,24204.08838,4801.638741,31202.9164,33615.12738
